,None,Include
Zeller G(2014),-22.68881807,-37.87199525
Feng Q(2015),-14.38849048,-27.63951715
Vogtmann E(2016),-3.69057528,-14.20089215
Schirmer M(2018),-9.061657072,-19.23277947
Nielsen HB(2014),-18.0398229,-28.5593335
He Q(2017),-11.10943298,-24.06932175
Liu RX(2017),-64.55529047,-100.4837741
Jie ZY(2017),-44.08821887,-84.90681412
